Workbook

Sheet Overview
B2: Physician Financial Services Analytics Portfolio
B3: Built by Korede Katibi, MBA | Prepared for: Kaiser Permanente — Physician Financial Services Consultant III (Req #1436508)
B6: Purpose | C6: This workbook simulates a physician-group revenue cycle and reimbursement analytics workflow — claims, contracted rates, variance detection, and financial modeling — using the Excel toolset requested for this role.
B8: Tab | C8: What it demonstrates
B9: Claims_Data | C9: Source claims table (220 rows) with Data Validation dropdowns for Department, Payer, Status, and Denial Reason.
B10: Reimbursement_Rates | C10: Contracted payer rate table by CPT code — lookup source for VLOOKUP and INDEX/MATCH.
B11: VLOOKUP_Analysis | C11: VLOOKUP against the rate table; includes a documented note on VLOOKUP's fixed-column-index limitation.
B12: INDEX_MATCH_Analysis | C12: Two-way INDEX/MATCH (CPT code + payer) that resolves the correct contracted rate dynamically — the fix for VLOOKUP's limitation.
B13: Complex_IF_Variance_Flags | C13: Nested IF / AND logic classifying every claim into a variance and priority-review status.
B14: Pivot_Summary | C14: Claims_Data is a native Excel Table (tbl_Claims) ready for Insert > PivotTable; this tab also includes a SUMIFS-built cross-tab (Department x Payer) as a formula-driven equivalent.
B15: EHR_Export / Billing_Export | C15: Two mock source-system exports, consolidated in Power_Query_Consolidated — mirrors a real Power Query merge; M-code is in /power_query/consolidate_claims.pq.
B16: Power_Query_Consolidated | C16: Result of joining the two source exports on Claim_ID — the output a Power Query 'Merge Queries' step would produce.
B17: Financial_Model | C17: RVU-based physician compensation model — assumptions, monthly actual-vs-target RVUs, and compensation calculation.
B18: Root_Cause_Dashboard | C18: Denial and variance root-cause breakdown with a chart and written root-cause narrative.
... B20: VBA_Macros | C20: Three macros (code in /vba/*.bas) for refreshing the dashboard, flagging outliers, and exporting the root-cause summary.

Sheet Reimbursement_Rates
A1: CPT_Code | B1: Description | C1: RVU | D1: Medicare_Rate | E1: Medicaid_Rate | F1: Kaiser_HMO_Rate | G1: Commercial_Rate
A2: 99213 | B2: Office visit, established patient, low complexity | C2: 1.3 | D2: 92 | E2: 61 | F2: 98 | G2: 118
A3: 99214 | B3: Office visit, established patient, moderate complexity | C3: 1.92 | D3: 128 | E3: 84 | F3: 137 | G3: 165
A4: 99215 | B4: Office visit, established patient, high complexity | C4: 2.8 | D4: 183 | E4: 121 | F4: 196 | G4: 236
A5: 99203 | B5: Office visit, new patient, low complexity | C5: 1.6 | D5: 112 | E5: 74 | F5: 120 | G5: 145
A6: 99204 | B6: Office visit, new patient, moderate complexity | C6: 2.6 | D6: 178 | E6: 118 | F6: 191 | G6: 230
A7: 90935 | B7: Hemodialysis, single evaluation | C7: 2.1 | D7: 145 | E7: 96 | F7: 155 | G7: 187
A8: 36415 | B8: Routine venipuncture | C8: 0.18 | D8: 12 | E8: 8 | F8: 13 | G8: 16
A9: 80053 | B9: Comprehensive metabolic panel | C9: 0.3 | D9: 21 | E9: 14 | F9: 22 | G9: 27
A10: 93000 | B10: Electrocardiogram, complete | C10: 0.5 | D10: 34 | E10: 22 | F10: 36 | G10: 44
A11: 71046 | B11: Chest X-ray, 2 views | C11: 0.7 | D11: 48 | E11: 32 | F11: 51 | G11: 62
A13: Source: representative CPT reimbursement rates by payer type (illustrative, not actual Kaiser contract rates).
A16: Payer_Rate_Map
A17: Payer | B17: Rate_Column_Header
A18: Medicare | B18: Medicare_Rate
A19: Medicaid | B19: Medicaid_Rate
A20: Kaiser HMO | B20: Kaiser_HMO_Rate
A21: Commercial - Blue Shield | B21: Commercial_Rate
A22: Commercial - Aetna | B22: Commercial_Rate

Sheet Claims_Data
A1: Claim_ID | B1: Physician | C1: Department | D1: Payer | E1: CPT_Code | F1: Service_Date | G1: Billed_Amount | H1: Paid_Amount | I1: RVU | J1: Status | K1: Denial_Reason
A2: 100001 | B2: Dr. B. Chen | C2: Nephrology | D2: Medicare | E2: 99204 | F2: 2025-02-14 | G2: 224.32 | H2: 180.57 | I2: 2.6 | J2: Paid | K2: None
A3: 100002 | B3: Dr. G. Kim | C3: Endocrinology | D3: Medicare | E3: 99213 | F3: 2025-08-03 | G3: 109.68 | H3: 92.34 | I3: 1.3 | J3: Paid | K3: None
A4: 100003 | B4: Dr. D. Nguyen | C4: Cardiology | D4: Commercial - Blue Shield | E4: 71046 | F4: 2025-08-05 | G4: 79.06 | H4: 45.38 | I4: 0.7 | J4: Paid | K4: None
A5: 100004 | B5: Dr. F. Martinez | C5: Internal Medicine | D5: Kaiser HMO | E5: 99215 | F5: 2025-07-03 | G5: 244.39 | H5: 194.59 | I5: 2.8 | J5: Paid | K5: None
A6: 100005 | B6: Dr. F. Martinez | C6: Internal Medicine | D6: Commercial - Aetna | E6: 99204 | F6: 2025-07-13 | G6: 348.04 | H6: 236.53 | I6: 2.6 | J6: Paid | K6: None
A7: 100006 | B7: Dr. B. Chen | C7: Nephrology | D7: Commercial - Aetna | E7: 99204 | F7: 2025-02-05 | G7: 350.34 | H7: 261.42 | I7: 2.6 | J7: Paid | K7: None
A8: 100007 | B8: Dr. A. Reyes | C8: Nephrology | D8: Medicaid | E8: 99204 | F8: 2025-08-21 | G8: 188.02 | H8: 130.63 | I8: 2.6 | J8: Paid | K8: None
A9: 100008 | B9: Dr. F. Martinez | C9: Internal Medicine | D9: Medicaid | E9: 90935 | F9: 2025-02-06 | G9: 125.75 | H9: 80.32 | I9: 2.1 | J9: Paid | K9: None
A10: 100009 | B10: Dr. C. Okafor | C10: Cardiology | D10: Commercial - Aetna | E10: 99203 | F10: 2025-04-23 | G10: 177.41 | H10: 166.17 | I10: 1.6 | J10: Paid | K10: None
A11: 100010 | B11: Dr. F. Martinez | C11: Internal Medicine | D11: Medicare | E11: 99203 | F11: 2025-06-11 | G11: 170.22 | H11: 109.08 | I11: 1.6 | J11: Paid | K11: None
A12: 100011 | B12: Dr. D. Nguyen | C12: Cardiology | D12: Commercial - Blue Shield | E12: 36415 | F12: 2025-05-15 | G12: 24.77 | H12: 15.65 | I12: 0.18 | J12: Paid | K12: None
A13: 100012 | B13: Dr. G. Kim | C13: Endocrinology | D13: Commercial - Aetna | E13: 36415 | F13: 2025-03-12 | G13: 21.01 | H13: 0 | I13: 0.18 | J13: Pending | K13: None
... A221: 100220 | B221: Dr. B. Chen | C221: Nephrology | D221: Kaiser HMO | E221: 99203 | F221: 2025-05-29 | G221: 163.19 | H221: 117.1 | I221: 1.6 | J221: Paid | K221: None

Sheet VLOOKUP_Analysis
A1: Claim_ID | B1: CPT_Code | C1: Payer | D1: Paid_Amount | E1: CPT_Description (VLOOKUP) | F1: Medicare_Rate (VLOOKUP) | G1: Paid_vs_Medicare_Variance
A2: =Claims_Data!A2 -> 100001 | B2: =Claims_Data!E2 -> 99204 | C2: =Claims_Data!D2 -> Medicare | D2: =Claims_Data!H2 -> 180.57 | E2: =VLOOKUP(B2,Reimbursement_Rates!$A$2:$G$11,2,FALSE()) -> Office visit, new patient, moderate complexity | F2: =VLOOKUP(B2,Reimbursement_Rates!$A$2:$G$11,4,FALSE()) -> 178 | G2: =D2-F2 -> 2.57
A3: =Claims_Data!A3 -> 100002 | B3: =Claims_Data!E3 -> 99213 | C3: =Claims_Data!D3 -> Medicare | D3: =Claims_Data!H3 -> 92.34 | E3: =VLOOKUP(B3,Reimbursement_Rates!$A$2:$G$11,2,FALSE()) -> Office visit, established patient, low complexity | F3: =VLOOKUP(B3,Reimbursement_Rates!$A$2:$G$11,4,FALSE()) -> 92 | G3: =D3-F3 -> 0.34
A4: =Claims_Data!A4 -> 100003 | B4: =Claims_Data!E4 -> 71046 | C4: =Claims_Data!D4 -> Commercial - Blue Shield | D4: =Claims_Data!H4 -> 45.38 | E4: =VLOOKUP(B4,Reimbursement_Rates!$A$2:$G$11,2,FALSE()) -> Chest X-ray, 2 views | F4: =VLOOKUP(B4,Reimbursement_Rates!$A$2:$G$11,4,FALSE()) -> 48 | G4: =D4-F4 -> -2.62
A5: =Claims_Data!A5 -> 100004 | B5: =Claims_Data!E5 -> 99215 | C5: =Claims_Data!D5 -> Kaiser HMO | D5: =Claims_Data!H5 -> 194.59 | E5: =VLOOKUP(B5,Reimbursement_Rates!$A$2:$G$11,2,FALSE()) -> Office visit, established patient, high complexity | F5: =VLOOKUP(B5,Reimbursement_Rates!$A$2:$G$11,4,FALSE()) -> 183 | G5: =D5-F5 -> 11.59
A6: =Claims_Data!A6 -> 100005 | B6: =Claims_Data!E6 -> 99204 | C6: =Claims_Data!D6 -> Commercial - Aetna | D6: =Claims_Data!H6 -> 236.53 | E6: =VLOOKUP(B6,Reimbursement_Rates!$A$2:$G$11,2,FALSE()) -> Office visit, new patient, moderate complexity | F6: =VLOOKUP(B6,Reimbursement_Rates!$A$2:$G$11,4,FALSE()) -> 178 | G6: =D6-F6 -> 58.53
A7: =Claims_Data!A7 -> 100006 | B7: =Claims_Data!E7 -> 99204 | C7: =Claims_Data!D7 -> Commercial - Aetna | D7: =Claims_Data!H7 -> 261.42 | E7: =VLOOKUP(B7,Reimbursement_Rates!$A$2:$G$11,2,FALSE()) -> Office visit, new patient, moderate complexity | F7: =VLOOKUP(B7,Reimbursement_Rates!$A$2:$G$11,4,FALSE()) -> 178 | G7: =D7-F7 -> 83.42
A8: =Claims_Data!A8 -> 100007 | B8: =Claims_Data!E8 -> 99204 | C8: =Claims_Data!D8 -> Medicaid | D8: =Claims_Data!H8 -> 130.63 | E8: =VLOOKUP(B8,Reimbursement_Rates!$A$2:$G$11,2,FALSE()) -> Office visit, new patient, moderate complexity | F8: =VLOOKUP(B8,Reimbursement_Rates!$A$2:$G$11,4,FALSE()) -> 178 | G8: =D8-F8 -> -47.37
A9: =Claims_Data!A9 -> 100008 | B9: =Claims_Data!E9 -> 90935 | C9: =Claims_Data!D9 -> Medicaid | D9: =Claims_Data!H9 -> 80.32 | E9: =VLOOKUP(B9,Reimbursement_Rates!$A$2:$G$11,2,FALSE()) -> Hemodialysis, single evaluation | F9: =VLOOKUP(B9,Reimbursement_Rates!$A$2:$G$11,4,FALSE()) -> 145 | G9: =D9-F9 -> -64.68
A10: =Claims_Data!A10 -> 100009 | B10: =Claims_Data!E10 -> 99203 | C10: =Claims_Data!D10 -> Commercial - Aetna | D10: =Claims_Data!H10 -> 166.17 | E10: =VLOOKUP(B10,Reimbursement_Rates!$A$2:$G$11,2,FALSE()) -> Office visit, new patient, low complexity | F10: =VLOOKUP(B10,Reimbursement_Rates!$A$2:$G$11,4,FALSE()) -> 112 | G10: =D10-F10 -> 54.17
A11: =Claims_Data!A11 -> 100010 | B11: =Claims_Data!E11 -> 99203 | C11: =Claims_Data!D11 -> Medicare | D11: =Claims_Data!H11 -> 109.08 | E11: =VLOOKUP(B11,Reimbursement_Rates!$A$2:$G$11,2,FALSE()) -> Office visit, new patient, low complexity | F11: =VLOOKUP(B11,Reimbursement_Rates!$A$2:$G$11,4,FALSE()) -> 112 | G11: =D11-F11 -> -2.92
A12: =Claims_Data!A12 -> 100011 | B12: =Claims_Data!E12 -> 36415 | C12: =Claims_Data!D12 -> Commercial - Blue Shield | D12: =Claims_Data!H12 -> 15.65 | E12: =VLOOKUP(B12,Reimbursement_Rates!$A$2:$G$11,2,FALSE()) -> Routine venipuncture | F12: =VLOOKUP(B12,Reimbursement_Rates!$A$2:$G$11,4,FALSE()) -> 12 | G12: =D12-F12 -> 3.65
A13: =Claims_Data!A13 -> 100012 | B13: =Claims_Data!E13 -> 36415 | C13: =Claims_Data!D13 -> Commercial - Aetna | D13: =Claims_Data!H13 -> 0 | E13: =VLOOKUP(B13,Reimbursement_Rates!$A$2:$G$11,2,FALSE()) -> Routine venipuncture | F13: =VLOOKUP(B13,Reimbursement_Rates!$A$2:$G$11,4,FALSE()) -> 12 | G13: =D13-F13 -> -12
... A221: =Claims_Data!A221 -> 100220 | B221: =Claims_Data!E221 -> 99203 | C221: =Claims_Data!D221 -> Kaiser HMO | D221: =Claims_Data!H221 -> 117.1 | E221: =VLOOKUP(B221,Reimbursement_Rates!$A$2:$G$11,2,FALSE()) -> Office visit, new patient, low complexity | F221: =VLOOKUP(B221,Reimbursement_Rates!$A$2:$G$11,4,FALSE()) -> 112 | G221: =D221-F221 -> 5.1
A224: Note on VLOOKUP limitation: column 4 (Medicare_Rate) is hard-coded by position. If a column is inserted into Reimbursement_Rates, every VLOOKUP here breaks silently. It also only looks left-to-right and can't switch which payer's rate it returns without a separate formula per payer. INDEX_MATCH_Analysis (next tab) solves both.

Sheet INDEX_MATCH_Analysis
A1: Claim_ID | B1: CPT_Code | C1: Payer | D1: Status | E1: Billed_Amount | F1: Paid_Amount | G1: Rate_Column_Header | H1: Expected_Rate (INDEX/MATCH) | I1: Variance_$ | J1: Variance_%
A2: =Claims_Data!A2 -> 100001 | B2: =Claims_Data!E2 -> 99204 | C2: =Claims_Data!D2 -> Medicare | D2: =Claims_Data!J2 -> Paid | E2: =Claims_Data!G2 -> 224.32 | F2: =Claims_Data!H2 -> 180.57 | G2: =VLOOKUP(C2,Reimbursement_Rates!$A$18:$B$22,2,FALSE()) -> Medicare_Rate | H2: =INDEX(Reimbursement_Rates!$A$1:$G$11,MATCH(B2,Reimbursement_Rates!$A$1:$A$11,0),MATCH(G2,Reimbursement_Rates!$A$1:$G$1,0)) -> 178 | I2: =F2-H2 -> 2.57 | J2: =IFERROR(I2/H2,0) -> 0.014438202
A3: =Claims_Data!A3 -> 100002 | B3: =Claims_Data!E3 -> 99213 | C3: =Claims_Data!D3 -> Medicare | D3: =Claims_Data!J3 -> Paid | E3: =Claims_Data!G3 -> 109.68 | F3: =Claims_Data!H3 -> 92.34 | G3: =VLOOKUP(C3,Reimbursement_Rates!$A$18:$B$22,2,FALSE()) -> Medicare_Rate | H3: =INDEX(Reimbursement_Rates!$A$1:$G$11,MATCH(B3,Reimbursement_Rates!$A$1:$A$11,0),MATCH(G3,Reimbursement_Rates!$A$1:$G$1,0)) -> 92 | I3: =F3-H3 -> 0.34 | J3: =IFERROR(I3/H3,0) -> 0.0036956522
A4: =Claims_Data!A4 -> 100003 | B4: =Claims_Data!E4 -> 71046 | C4: =Claims_Data!D4 -> Commercial - Blue Shield | D4: =Claims_Data!J4 -> Paid | E4: =Claims_Data!G4 -> 79.06 | F4: =Claims_Data!H4 -> 45.38 | G4: =VLOOKUP(C4,Reimbursement_Rates!$A$18:$B$22,2,FALSE()) -> Commercial_Rate | H4: =INDEX(Reimbursement_Rates!$A$1:$G$11,MATCH(B4,Reimbursement_Rates!$A$1:$A$11,0),MATCH(G4,Reimbursement_Rates!$A$1:$G$1,0)) -> 62 | I4: =F4-H4 -> -16.62 | J4: =IFERROR(I4/H4,0) -> -0.26806452
A5: =Claims_Data!A5 -> 100004 | B5: =Claims_Data!E5 -> 99215 | C5: =Claims_Data!D5 -> Kaiser HMO | D5: =Claims_Data!J5 -> Paid | E5: =Claims_Data!G5 -> 244.39 | F5: =Claims_Data!H5 -> 194.59 | G5: =VLOOKUP(C5,Reimbursement_Rates!$A$18:$B$22,2,FALSE()) -> Kaiser_HMO_Rate | H5: =INDEX(Reimbursement_Rates!$A$1:$G$11,MATCH(B5,Reimbursement_Rates!$A$1:$A$11,0),MATCH(G5,Reimbursement_Rates!$A$1:$G$1,0)) -> 196 | I5: =F5-H5 -> -1.41 | J5: =IFERROR(I5/H5,0) -> -0.0071938776
A6: =Claims_Data!A6 -> 100005 | B6: =Claims_Data!E6 -> 99204 | C6: =Claims_Data!D6 -> Commercial - Aetna | D6: =Claims_Data!J6 -> Paid | E6: =Claims_Data!G6 -> 348.04 | F6: =Claims_Data!H6 -> 236.53 | G6: =VLOOKUP(C6,Reimbursement_Rates!$A$18:$B$22,2,FALSE()) -> Commercial_Rate | H6: =INDEX(Reimbursement_Rates!$A$1:$G$11,MATCH(B6,Reimbursement_Rates!$A$1:$A$11,0),MATCH(G6,Reimbursement_Rates!$A$1:$G$1,0)) -> 230 | I6: =F6-H6 -> 6.53 | J6: =IFERROR(I6/H6,0) -> 0.028391304
A7: =Claims_Data!A7 -> 100006 | B7: =Claims_Data!E7 -> 99204 | C7: =Claims_Data!D7 -> Commercial - Aetna | D7: =Claims_Data!J7 -> Paid | E7: =Claims_Data!G7 -> 350.34 | F7: =Claims_Data!H7 -> 261.42 | G7: =VLOOKUP(C7,Reimbursement_Rates!$A$18:$B$22,2,FALSE()) -> Commercial_Rate | H7: =INDEX(Reimbursement_Rates!$A$1:$G$11,MATCH(B7,Reimbursement_Rates!$A$1:$A$11,0),MATCH(G7,Reimbursement_Rates!$A$1:$G$1,0)) -> 230 | I7: =F7-H7 -> 31.42 | J7: =IFERROR(I7/H7,0) -> 0.1366087
A8: =Claims_Data!A8 -> 100007 | B8: =Claims_Data!E8 -> 99204 | C8: =Claims_Data!D8 -> Medicaid | D8: =Claims_Data!J8 -> Paid | E8: =Claims_Data!G8 -> 188.02 | F8: =Claims_Data!H8 -> 130.63 | G8: =VLOOKUP(C8,Reimbursement_Rates!$A$18:$B$22,2,FALSE()) -> Medicaid_Rate | H8: =INDEX(Reimbursement_Rates!$A$1:$G$11,MATCH(B8,Reimbursement_Rates!$A$1:$A$11,0),MATCH(G8,Reimbursement_Rates!$A$1:$G$1,0)) -> 118 | I8: =F8-H8 -> 12.63 | J8: =IFERROR(I8/H8,0) -> 0.1070339
A9: =Claims_Data!A9 -> 100008 | B9: =Claims_Data!E9 -> 90935 | C9: =Claims_Data!D9 -> Medicaid | D9: =Claims_Data!J9 -> Paid | E9: =Claims_Data!G9 -> 125.75 | F9: =Claims_Data!H9 -> 80.32 | G9: =VLOOKUP(C9,Reimbursement_Rates!$A$18:$B$22,2,FALSE()) -> Medicaid_Rate | H9: =INDEX(Reimbursement_Rates!$A$1:$G$11,MATCH(B9,Reimbursement_Rates!$A$1:$A$11,0),MATCH(G9,Reimbursement_Rates!$A$1:$G$1,0)) -> 96 | I9: =F9-H9 -> -15.68 | J9: =IFERROR(I9/H9,0) -> -0.16333333
A10: =Claims_Data!A10 -> 100009 | B10: =Claims_Data!E10 -> 99203 | C10: =Claims_Data!D10 -> Commercial - Aetna | D10: =Claims_Data!J10 -> Paid | E10: =Claims_Data!G10 -> 177.41 | F10: =Claims_Data!H10 -> 166.17 | G10: =VLOOKUP(C10,Reimbursement_Rates!$A$18:$B$22,2,FALSE()) -> Commercial_Rate | H10: =INDEX(Reimbursement_Rates!$A$1:$G$11,MATCH(B10,Reimbursement_Rates!$A$1:$A$11,0),MATCH(G10,Reimbursement_Rates!$A$1:$G$1,0)) -> 145 | I10: =F10-H10 -> 21.17 | J10: =IFERROR(I10/H10,0) -> 0.146
A11: =Claims_Data!A11 -> 100010 | B11: =Claims_Data!E11 -> 99203 | C11: =Claims_Data!D11 -> Medicare | D11: =Claims_Data!J11 -> Paid | E11: =Claims_Data!G11 -> 170.22 | F11: =Claims_Data!H11 -> 109.08 | G11: =VLOOKUP(C11,Reimbursement_Rates!$A$18:$B$22,2,FALSE()) -> Medicare_Rate | H11: =INDEX(Reimbursement_Rates!$A$1:$G$11,MATCH(B11,Reimbursement_Rates!$A$1:$A$11,0),MATCH(G11,Reimbursement_Rates!$A$1:$G$1,0)) -> 112 | I11: =F11-H11 -> -2.92 | J11: =IFERROR(I11/H11,0) -> -0.026071429
A12: =Claims_Data!A12 -> 100011 | B12: =Claims_Data!E12 -> 36415 | C12: =Claims_Data!D12 -> Commercial - Blue Shield | D12: =Claims_Data!J12 -> Paid | E12: =Claims_Data!G12 -> 24.77 | F12: =Claims_Data!H12 -> 15.65 | G12: =VLOOKUP(C12,Reimbursement_Rates!$A$18:$B$22,2,FALSE()) -> Commercial_Rate | H12: =INDEX(Reimbursement_Rates!$A$1:$G$11,MATCH(B12,Reimbursement_Rates!$A$1:$A$11,0),MATCH(G12,Reimbursement_Rates!$A$1:$G$1,0)) -> 16 | I12: =F12-H12 -> -0.35 | J12: =IFERROR(I12/H12,0) -> -0.021875
A13: =Claims_Data!A13 -> 100012 | B13: =Claims_Data!E13 -> 36415 | C13: =Claims_Data!D13 -> Commercial - Aetna | D13: =Claims_Data!J13 -> Pending | E13: =Claims_Data!G13 -> 21.01 | F13: =Claims_Data!H13 -> 0 | G13: =VLOOKUP(C13,Reimbursement_Rates!$A$18:$B$22,2,FALSE()) -> Commercial_Rate | H13: =INDEX(Reimbursement_Rates!$A$1:$G$11,MATCH(B13,Reimbursement_Rates!$A$1:$A$11,0),MATCH(G13,Reimbursement_Rates!$A$1:$G$1,0)) -> 16 | I13: =F13-H13 -> -16 | J13: =IFERROR(I13/H13,0) -> -1
... A221: =Claims_Data!A221 -> 100220 | B221: =Claims_Data!E221 -> 99203 | C221: =Claims_Data!D221 -> Kaiser HMO | D221: =Claims_Data!J221 -> Paid | E221: =Claims_Data!G221 -> 163.19 | F221: =Claims_Data!H221 -> 117.1 | G221: =VLOOKUP(C221,Reimbursement_Rates!$A$18:$B$22,2,FALSE()) -> Kaiser_HMO_Rate | H221: =INDEX(Reimbursement_Rates!$A$1:$G$11,MATCH(B221,Reimbursement_Rates!$A$1:$A$11,0),MATCH(G221,Reimbursement_Rates!$A$1:$G$1,0)) -> 120 | I221: =F221-H221 -> -2.9 | J221: =IFERROR(I221/H221,0) -> -0.024166667
A224: Why INDEX/MATCH here: MATCH finds the CPT row AND the correct rate column by header name (via the Rate_Column_Header lookup), so it automatically returns the right payer's contracted rate for every row — one formula instead of five VLOOKUPs, and it keeps working even if columns are reordered.

Sheet Complex_IF_Variance_Flags
A1: Claim_ID | B1: Status | C1: Billed_Amount | D1: Paid_Amount | E1: Expected_Rate | F1: Variance_% | G1: Variance_Status (nested IF) | H1: Priority_Flag (AND/IF)
A2: =Claims_Data!A2 -> 100001 | B2: =Claims_Data!J2 -> Paid | C2: =Claims_Data!G2 -> 224.32 | D2: =Claims_Data!H2 -> 180.57 | E2: =INDEX_MATCH_Analysis!H2 -> 178 | F2: =INDEX_MATCH_Analysis!J2 -> 0.014438202 | G2: =IF(B2="Denied","Denied - RCA Needed",IF(B2="Pending","Pending - No Action",IF(E2=0,"No Rate on File",IF(ABS(F2)<=0.05,"Within Threshold",IF(D2<E2,"Underpaid - Escalate","Overpaid - Review"))))) -> Within Threshold | H2: =IF(AND(B2="Paid",ABS(F2)>0.15,C2>100),"High Priority Review","Standard") -> Standard
A3: =Claims_Data!A3 -> 100002 | B3: =Claims_Data!J3 -> Paid | C3: =Claims_Data!G3 -> 109.68 | D3: =Claims_Data!H3 -> 92.34 | E3: =INDEX_MATCH_Analysis!H3 -> 92 | F3: =INDEX_MATCH_Analysis!J3 -> 0.0036956522 | G3: =IF(B3="Denied","Denied - RCA Needed",IF(B3="Pending","Pending - No Action",IF(E3=0,"No Rate on File",IF(ABS(F3)<=0.05,"Within Threshold",IF(D3<E3,"Underpaid - Escalate","Overpaid - Review"))))) -> Within Threshold | H3: =IF(AND(B3="Paid",ABS(F3)>0.15,C3>100),"High Priority Review","Standard") -> Standard
A4: =Claims_Data!A4 -> 100003 | B4: =Claims_Data!J4 -> Paid | C4: =Claims_Data!G4 -> 79.06 | D4: =Claims_Data!H4 -> 45.38 | E4: =INDEX_MATCH_Analysis!H4 -> 62 | F4: =INDEX_MATCH_Analysis!J4 -> -0.26806452 | G4: =IF(B4="Denied","Denied - RCA Needed",IF(B4="Pending","Pending - No Action",IF(E4=0,"No Rate on File",IF(ABS(F4)<=0.05,"Within Threshold",IF(D4<E4,"Underpaid - Escalate","Overpaid - Review"))))) -> Underpaid - Escalate | H4: =IF(AND(B4="Paid",ABS(F4)>0.15,C4>100),"High Priority Review","Standard") -> Standard
A5: =Claims_Data!A5 -> 100004 | B5: =Claims_Data!J5 -> Paid | C5: =Claims_Data!G5 -> 244.39 | D5: =Claims_Data!H5 -> 194.59 | E5: =INDEX_MATCH_Analysis!H5 -> 196 | F5: =INDEX_MATCH_Analysis!J5 -> -0.0071938776 | G5: =IF(B5="Denied","Denied - RCA Needed",IF(B5="Pending","Pending - No Action",IF(E5=0,"No Rate on File",IF(ABS(F5)<=0.05,"Within Threshold",IF(D5<E5,"Underpaid - Escalate","Overpaid - Review"))))) -> Within Threshold | H5: =IF(AND(B5="Paid",ABS(F5)>0.15,C5>100),"High Priority Review","Standard") -> Standard
A6: =Claims_Data!A6 -> 100005 | B6: =Claims_Data!J6 -> Paid | C6: =Claims_Data!G6 -> 348.04 | D6: =Claims_Data!H6 -> 236.53 | E6: =INDEX_MATCH_Analysis!H6 -> 230 | F6: =INDEX_MATCH_Analysis!J6 -> 0.028391304 | G6: =IF(B6="Denied","Denied - RCA Needed",IF(B6="Pending","Pending - No Action",IF(E6=0,"No Rate on File",IF(ABS(F6)<=0.05,"Within Threshold",IF(D6<E6,"Underpaid - Escalate","Overpaid - Review"))))) -> Within Threshold | H6: =IF(AND(B6="Paid",ABS(F6)>0.15,C6>100),"High Priority Review","Standard") -> Standard
A7: =Claims_Data!A7 -> 100006 | B7: =Claims_Data!J7 -> Paid | C7: =Claims_Data!G7 -> 350.34 | D7: =Claims_Data!H7 -> 261.42 | E7: =INDEX_MATCH_Analysis!H7 -> 230 | F7: =INDEX_MATCH_Analysis!J7 -> 0.1366087 | G7: =IF(B7="Denied","Denied - RCA Needed",IF(B7="Pending","Pending - No Action",IF(E7=0,"No Rate on File",IF(ABS(F7)<=0.05,"Within Threshold",IF(D7<E7,"Underpaid - Escalate","Overpaid - Review"))))) -> Overpaid - Review | H7: =IF(AND(B7="Paid",ABS(F7)>0.15,C7>100),"High Priority Review","Standard") -> Standard
A8: =Claims_Data!A8 -> 100007 | B8: =Claims_Data!J8 -> Paid | C8: =Claims_Data!G8 -> 188.02 | D8: =Claims_Data!H8 -> 130.63 | E8: =INDEX_MATCH_Analysis!H8 -> 118 | F8: =INDEX_MATCH_Analysis!J8 -> 0.1070339 | G8: =IF(B8="Denied","Denied - RCA Needed",IF(B8="Pending","Pending - No Action",IF(E8=0,"No Rate on File",IF(ABS(F8)<=0.05,"Within Threshold",IF(D8<E8,"Underpaid - Escalate","Overpaid - Review"))))) -> Overpaid - Review | H8: =IF(AND(B8="Paid",ABS(F8)>0.15,C8>100),"High Priority Review","Standard") -> Standard
A9: =Claims_Data!A9 -> 100008 | B9: =Claims_Data!J9 -> Paid | C9: =Claims_Data!G9 -> 125.75 | D9: =Claims_Data!H9 -> 80.32 | E9: =INDEX_MATCH_Analysis!H9 -> 96 | F9: =INDEX_MATCH_Analysis!J9 -> -0.16333333 | G9: =IF(B9="Denied","Denied - RCA Needed",IF(B9="Pending","Pending - No Action",IF(E9=0,"No Rate on File",IF(ABS(F9)<=0.05,"Within Threshold",IF(D9<E9,"Underpaid - Escalate","Overpaid - Review"))))) -> Underpaid - Escalate | H9: =IF(AND(B9="Paid",ABS(F9)>0.15,C9>100),"High Priority Review","Standard") -> High Priority Review
A10: =Claims_Data!A10 -> 100009 | B10: =Claims_Data!J10 -> Paid | C10: =Claims_Data!G10 -> 177.41 | D10: =Claims_Data!H10 -> 166.17 | E10: =INDEX_MATCH_Analysis!H10 -> 145 | F10: =INDEX_MATCH_Analysis!J10 -> 0.146 | G10: =IF(B10="Denied","Denied - RCA Needed",IF(B10="Pending","Pending - No Action",IF(E10=0,"No Rate on File",IF(ABS(F10)<=0.05,"Within Threshold",IF(D10<E10,"Underpaid - Escalate","Overpaid - Review"))))) -> Overpaid - Review | H10: =IF(AND(B10="Paid",ABS(F10)>0.15,C10>100),"High Priority Review","Standard") -> Standard
A11: =Claims_Data!A11 -> 100010 | B11: =Claims_Data!J11 -> Paid | C11: =Claims_Data!G11 -> 170.22 | D11: =Claims_Data!H11 -> 109.08 | E11: =INDEX_MATCH_Analysis!H11 -> 112 | F11: =INDEX_MATCH_Analysis!J11 -> -0.026071429 | G11: =IF(B11="Denied","Denied - RCA Needed",IF(B11="Pending","Pending - No Action",IF(E11=0,"No Rate on File",IF(ABS(F11)<=0.05,"Within Threshold",IF(D11<E11,"Underpaid - Escalate","Overpaid - Review"))))) -> Within Threshold | H11: =IF(AND(B11="Paid",ABS(F11)>0.15,C11>100),"High Priority Review","Standard") -> Standard
A12: =Claims_Data!A12 -> 100011 | B12: =Claims_Data!J12 -> Paid | C12: =Claims_Data!G12 -> 24.77 | D12: =Claims_Data!H12 -> 15.65 | E12: =INDEX_MATCH_Analysis!H12 -> 16 | F12: =INDEX_MATCH_Analysis!J12 -> -0.021875 | G12: =IF(B12="Denied","Denied - RCA Needed",IF(B12="Pending","Pending - No Action",IF(E12=0,"No Rate on File",IF(ABS(F12)<=0.05,"Within Threshold",IF(D12<E12,"Underpaid - Escalate","Overpaid - Review"))))) -> Within Threshold | H12: =IF(AND(B12="Paid",ABS(F12)>0.15,C12>100),"High Priority Review","Standard") -> Standard
A13: =Claims_Data!A13 -> 100012 | B13: =Claims_Data!J13 -> Pending | C13: =Claims_Data!G13 -> 21.01 | D13: =Claims_Data!H13 -> 0 | E13: =INDEX_MATCH_Analysis!H13 -> 16 | F13: =INDEX_MATCH_Analysis!J13 -> -1 | G13: =IF(B13="Denied","Denied - RCA Needed",IF(B13="Pending","Pending - No Action",IF(E13=0,"No Rate on File",IF(ABS(F13)<=0.05,"Within Threshold",IF(D13<E13,"Underpaid - Escalate","Overpaid - Review"))))) -> Pending - No Action | H13: =IF(AND(B13="Paid",ABS(F13)>0.15,C13>100),"High Priority Review","Standard") -> Standard
... A221: =Claims_Data!A221 -> 100220 | B221: =Claims_Data!J221 -> Paid | C221: =Claims_Data!G221 -> 163.19 | D221: =Claims_Data!H221 -> 117.1 | E221: =INDEX_MATCH_Analysis!H221 -> 120 | F221: =INDEX_MATCH_Analysis!J221 -> -0.024166667 | G221: =IF(B221="Denied","Denied - RCA Needed",IF(B221="Pending","Pending - No Action",IF(E221=0,"No Rate on File",IF(ABS(F221)<=0.05,"Within Threshold",IF(D221<E221,"Underpaid - Escalate","Overpaid - Review"))))) -> Within Threshold | H221: =IF(AND(B221="Paid",ABS(F221)>0.15,C221>100),"High Priority Review","Standard") -> Standard
A224: Variance_Status walks Denied -> Pending -> missing-rate -> within-threshold -> under/overpaid, so every claim lands in exactly one bucket. Priority_Flag layers an AND() condition on top (paid claim, >15% variance, and billed over $100) to separate noise from claims worth a human's time.

Sheet Pivot_Summary
A1: PivotTable source
A2: Claims_Data is formatted as a native Excel Table named 'tbl_Claims'. In Excel: click any cell in Claims_Data > Insert > PivotTable > choose tbl_Claims as the source. Drag Department to Rows, Payer to Columns, Paid_Amount to Values.
A4: Cross-tab below is the formula-driven equivalent (SUMIFS), kept live so it always matches Claims_Data:
A6: Department \ Payer | B6: Medicare | C6: Medicaid | D6: Kaiser HMO | E6: Commercial - Blue Shield | F6: Commercial - Aetna | G6: Total
A7: Nephrology | B7: =SUMIFS(Claims_Data!$H$2:$H$221,Claims_Data!$C$2:$C$221,$A7,Claims_Data!$D$2:$D$221,B$6) -> 1356.12 | C7: =SUMIFS(Claims_Data!$H$2:$H$221,Claims_Data!$C$2:$C$221,$A7,Claims_Data!$D$2:$D$221,C$6) -> 870.15 | D7: =SUMIFS(Claims_Data!$H$2:$H$221,Claims_Data!$C$2:$C$221,$A7,Claims_Data!$D$2:$D$221,D$6) -> 568.55 | E7: =SUMIFS(Claims_Data!$H$2:$H$221,Claims_Data!$C$2:$C$221,$A7,Claims_Data!$D$2:$D$221,E$6) -> 2121.75 | F7: =SUMIFS(Claims_Data!$H$2:$H$221,Claims_Data!$C$2:$C$221,$A7,Claims_Data!$D$2:$D$221,F$6) -> 1664.31 | G7: =SUM(B7:F7) -> 6580.88
A8: Cardiology | B8: =SUMIFS(Claims_Data!$H$2:$H$221,Claims_Data!$C$2:$C$221,$A8,Claims_Data!$D$2:$D$221,B$6) -> 332.15 | C8: =SUMIFS(Claims_Data!$H$2:$H$221,Claims_Data!$C$2:$C$221,$A8,Claims_Data!$D$2:$D$221,C$6) -> 797.58 | D8: =SUMIFS(Claims_Data!$H$2:$H$221,Claims_Data!$C$2:$C$221,$A8,Claims_Data!$D$2:$D$221,D$6) -> 1173.49 | E8: =SUMIFS(Claims_Data!$H$2:$H$221,Claims_Data!$C$2:$C$221,$A8,Claims_Data!$D$2:$D$221,E$6) -> 1855.79 | F8: =SUMIFS(Claims_Data!$H$2:$H$221,Claims_Data!$C$2:$C$221,$A8,Claims_Data!$D$2:$D$221,F$6) -> 1147.93 | G8: =SUM(B8:F8) -> 5306.94
A9: Internal Medicine | B9: =SUMIFS(Claims_Data!$H$2:$H$221,Claims_Data!$C$2:$C$221,$A9,Claims_Data!$D$2:$D$221,B$6) -> 1228.93 | C9: =SUMIFS(Claims_Data!$H$2:$H$221,Claims_Data!$C$2:$C$221,$A9,Claims_Data!$D$2:$D$221,C$6) -> 627.61 | D9: =SUMIFS(Claims_Data!$H$2:$H$221,Claims_Data!$C$2:$C$221,$A9,Claims_Data!$D$2:$D$221,D$6) -> 449.65 | E9: =SUMIFS(Claims_Data!$H$2:$H$221,Claims_Data!$C$2:$C$221,$A9,Claims_Data!$D$2:$D$221,E$6) -> 2004.08 | F9: =SUMIFS(Claims_Data!$H$2:$H$221,Claims_Data!$C$2:$C$221,$A9,Claims_Data!$D$2:$D$221,F$6) -> 1419.63 | G9: =SUM(B9:F9) -> 5729.9
A10: Endocrinology | B10: =SUMIFS(Claims_Data!$H$2:$H$221,Claims_Data!$C$2:$C$221,$A10,Claims_Data!$D$2:$D$221,B$6) -> 125.61 | C10: =SUMIFS(Claims_Data!$H$2:$H$221,Claims_Data!$C$2:$C$221,$A10,Claims_Data!$D$2:$D$221,C$6) -> 222.94 | D10: =SUMIFS(Claims_Data!$H$2:$H$221,Claims_Data!$C$2:$C$221,$A10,Claims_Data!$D$2:$D$221,D$6) -> 199.46 | E10: =SUMIFS(Claims_Data!$H$2:$H$221,Claims_Data!$C$2:$C$221,$A10,Claims_Data!$D$2:$D$221,E$6) -> 971.25 | F10: =SUMIFS(Claims_Data!$H$2:$H$221,Claims_Data!$C$2:$C$221,$A10,Claims_Data!$D$2:$D$221,F$6) -> 246.13 | G10: =SUM(B10:F10) -> 1765.39
A11: Family Medicine | B11: =SUMIFS(Claims_Data!$H$2:$H$221,Claims_Data!$C$2:$C$221,$A11,Claims_Data!$D$2:$D$221,B$6) -> 690.58 | C11: =SUMIFS(Claims_Data!$H$2:$H$221,Claims_Data!$C$2:$C$221,$A11,Claims_Data!$D$2:$D$221,C$6) -> 356.1 | D11: =SUMIFS(Claims_Data!$H$2:$H$221,Claims_Data!$C$2:$C$221,$A11,Claims_Data!$D$2:$D$221,D$6) -> 131.48 | E11: =SUMIFS(Claims_Data!$H$2:$H$221,Claims_Data!$C$2:$C$221,$A11,Claims_Data!$D$2:$D$221,E$6) -> 652.29 | F11: =SUMIFS(Claims_Data!$H$2:$H$221,Claims_Data!$C$2:$C$221,$A11,Claims_Data!$D$2:$D$221,F$6) -> 463.74 | G11: =SUM(B11:F11) -> 2294.19
A12: Total | B12: =SUM(B7:B11) -> 3733.39 | C12: =SUM(C7:C11) -> 2874.38 | D12: =SUM(D7:D11) -> 2522.63 | E12: =SUM(E7:E11) -> 7605.16 | F12: =SUM(F7:F11) -> 4941.74 | G12: =SUM(G7:G11) -> 21677.3
A15: Claim count by Department x Status (COUNTIFS)
A16: Department | B16: Paid | C16: Denied | D16: Pending
A17: Nephrology | B17: =COUNTIFS(Claims_Data!$C$2:$C$221,$A17,Claims_Data!$J$2:$J$221,B$16) -> 59 | C17: =COUNTIFS(Claims_Data!$C$2:$C$221,$A17,Claims_Data!$J$2:$J$221,C$16) -> 5 | D17: =COUNTIFS(Claims_Data!$C$2:$C$221,$A17,Claims_Data!$J$2:$J$221,D$16) -> 1
A18: Cardiology | B18: =COUNTIFS(Claims_Data!$C$2:$C$221,$A18,Claims_Data!$J$2:$J$221,B$16) -> 47 | C18: =COUNTIFS(Claims_Data!$C$2:$C$221,$A18,Claims_Data!$J$2:$J$221,C$16) -> 2 | D18: =COUNTIFS(Claims_Data!$C$2:$C$221,$A18,Claims_Data!$J$2:$J$221,D$16) -> 2
A19: Internal Medicine | B19: =COUNTIFS(Claims_Data!$C$2:$C$221,$A19,Claims_Data!$J$2:$J$221,B$16) -> 50 | C19: =COUNTIFS(Claims_Data!$C$2:$C$221,$A19,Claims_Data!$J$2:$J$221,C$16) -> 3 | D19: =COUNTIFS(Claims_Data!$C$2:$C$221,$A19,Claims_Data!$J$2:$J$221,D$16) -> 0
A20: Endocrinology | B20: =COUNTIFS(Claims_Data!$C$2:$C$221,$A20,Claims_Data!$J$2:$J$221,B$16) -> 18 | C20: =COUNTIFS(Claims_Data!$C$2:$C$221,$A20,Claims_Data!$J$2:$J$221,C$16) -> 1 | D20: =COUNTIFS(Claims_Data!$C$2:$C$221,$A20,Claims_Data!$J$2:$J$221,D$16) -> 4
A21: Family Medicine | B21: =COUNTIFS(Claims_Data!$C$2:$C$221,$A21,Claims_Data!$J$2:$J$221,B$16) -> 26 | C21: =COUNTIFS(Claims_Data!$C$2:$C$221,$A21,Claims_Data!$J$2:$J$221,C$16) -> 1 | D21: =COUNTIFS(Claims_Data!$C$2:$C$221,$A21,Claims_Data!$J$2:$J$221,D$16) -> 1

Sheet EHR_Export
A1: Claim_ID | B1: Physician | C1: Department | D1: Service_Date | E1: CPT_Code
A2: 100001 | B2: Dr. B. Chen | C2: Nephrology | D2: 2025-02-14 | E2: 99204
A3: 100002 | B3: Dr. G. Kim | C3: Endocrinology | D3: 2025-08-03 | E3: 99213
A4: 100003 | B4: Dr. D. Nguyen | C4: Cardiology | D4: 2025-08-05 | E4: 71046
A5: 100004 | B5: Dr. F. Martinez | C5: Internal Medicine | D5: 2025-07-03 | E5: 99215
A6: 100005 | B6: Dr. F. Martinez | C6: Internal Medicine | D6: 2025-07-13 | E6: 99204
A7: 100006 | B7: Dr. B. Chen | C7: Nephrology | D7: 2025-02-05 | E7: 99204
A8: 100007 | B8: Dr. A. Reyes | C8: Nephrology | D8: 2025-08-21 | E8: 99204
A9: 100008 | B9: Dr. F. Martinez | C9: Internal Medicine | D9: 2025-02-06 | E9: 90935
A10: 100009 | B10: Dr. C. Okafor | C10: Cardiology | D10: 2025-04-23 | E10: 99203
A11: 100010 | B11: Dr. F. Martinez | C11: Internal Medicine | D11: 2025-06-11 | E11: 99203
A12: 100011 | B12: Dr. D. Nguyen | C12: Cardiology | D12: 2025-05-15 | E12: 36415
A13: 100012 | B13: Dr. G. Kim | C13: Endocrinology | D13: 2025-03-12 | E13: 36415
... A221: 100220 | B221: Dr. B. Chen | C221: Nephrology | D221: 2025-05-29 | E221: 99203
A224: Mock export from the EHR / scheduling system (source system #1 for the Power Query merge).

Sheet Billing_Export
A1: Claim_ID | B1: Payer | C1: Billed_Amount | D1: Paid_Amount | E1: Status | F1: Denial_Reason | G1: RVU
A2: 100001 | B2: Medicare | C2: 224.32 | D2: 180.57 | E2: Paid | F2: None | G2: 2.6
A3: 100002 | B3: Medicare | C3: 109.68 | D3: 92.34 | E3: Paid | F3: None | G3: 1.3
A4: 100003 | B4: Commercial - Blue Shield | C4: 79.06 | D4: 45.38 | E4: Paid | F4: None | G4: 0.7
A5: 100004 | B5: Kaiser HMO | C5: 244.39 | D5: 194.59 | E5: Paid | F5: None | G5: 2.8
A6: 100005 | B6: Commercial - Aetna | C6: 348.04 | D6: 236.53 | E6: Paid | F6: None | G6: 2.6
A7: 100006 | B7: Commercial - Aetna | C7: 350.34 | D7: 261.42 | E7: Paid | F7: None | G7: 2.6
A8: 100007 | B8: Medicaid | C8: 188.02 | D8: 130.63 | E8: Paid | F8: None | G8: 2.6
A9: 100008 | B9: Medicaid | C9: 125.75 | D9: 80.32 | E9: Paid | F9: None | G9: 2.1
A10: 100009 | B10: Commercial - Aetna | C10: 177.41 | D10: 166.17 | E10: Paid | F10: None | G10: 1.6
A11: 100010 | B11: Medicare | C11: 170.22 | D11: 109.08 | E11: Paid | F11: None | G11: 1.6
A12: 100011 | B12: Commercial - Blue Shield | C12: 24.77 | D12: 15.65 | E12: Paid | F12: None | G12: 0.18
A13: 100012 | B13: Commercial - Aetna | C13: 21.01 | D13: 0 | E13: Pending | F13: None | G13: 0.18
... A221: 100220 | B221: Kaiser HMO | C221: 163.19 | D221: 117.1 | E221: Paid | F221: None | G221: 1.6
A224: Mock export from the billing / claims system (source system #2 for the Power Query merge).

Sheet Power_Query_Consolidated
A1: Power Query consolidation — result of merging EHR_Export + Billing_Export on Claim_ID
A2: Actual Power Query connections require Excel's Get & Transform engine and can't be authored outside Excel. The M-code that produces this exact table is in /power_query/consolidate_claims.pq — paste it into Data > Get Data > Launch Power Query Editor > Advanced Editor. The table below shows the query's output, built here with INDEX/MATCH against the two source tabs so the result is live and verifiable.
A4: Claim_ID | B4: Physician | C4: Department | D4: Service_Date | E4: CPT_Code | F4: Payer | G4: Billed_Amount | H4: Paid_Amount | I4: Status | J4: Denial_Reason
A5: =EHR_Export!A2 -> 100001 | B5: =EHR_Export!B2 -> Dr. B. Chen | C5: =EHR_Export!C2 -> Nephrology | D5: =EHR_Export!D2 -> 2025-02-14 | E5: =EHR_Export!E2 -> 99204 | F5: =INDEX(Billing_Export!$B$2:$B$221,MATCH(A5,Billing_Export!$A$2:$A$221,0)) -> Medicare | G5: =INDEX(Billing_Export!$C$2:$C$221,MATCH(A5,Billing_Export!$A$2:$A$221,0)) -> 224.32 | H5: =INDEX(Billing_Export!$D$2:$D$221,MATCH(A5,Billing_Export!$A$2:$A$221,0)) -> 180.57 | I5: =INDEX(Billing_Export!$E$2:$E$221,MATCH(A5,Billing_Export!$A$2:$A$221,0)) -> Paid | J5: =INDEX(Billing_Export!$F$2:$F$221,MATCH(A5,Billing_Export!$A$2:$A$221,0)) -> None
A6: =EHR_Export!A3 -> 100002 | B6: =EHR_Export!B3 -> Dr. G. Kim | C6: =EHR_Export!C3 -> Endocrinology | D6: =EHR_Export!D3 -> 2025-08-03 | E6: =EHR_Export!E3 -> 99213 | F6: =INDEX(Billing_Export!$B$2:$B$221,MATCH(A6,Billing_Export!$A$2:$A$221,0)) -> Medicare | G6: =INDEX(Billing_Export!$C$2:$C$221,MATCH(A6,Billing_Export!$A$2:$A$221,0)) -> 109.68 | H6: =INDEX(Billing_Export!$D$2:$D$221,MATCH(A6,Billing_Export!$A$2:$A$221,0)) -> 92.34 | I6: =INDEX(Billing_Export!$E$2:$E$221,MATCH(A6,Billing_Export!$A$2:$A$221,0)) -> Paid | J6: =INDEX(Billing_Export!$F$2:$F$221,MATCH(A6,Billing_Export!$A$2:$A$221,0)) -> None
A7: =EHR_Export!A4 -> 100003 | B7: =EHR_Export!B4 -> Dr. D. Nguyen | C7: =EHR_Export!C4 -> Cardiology | D7: =EHR_Export!D4 -> 2025-08-05 | E7: =EHR_Export!E4 -> 71046 | F7: =INDEX(Billing_Export!$B$2:$B$221,MATCH(A7,Billing_Export!$A$2:$A$221,0)) -> Commercial - Blue Shield | G7: =INDEX(Billing_Export!$C$2:$C$221,MATCH(A7,Billing_Export!$A$2:$A$221,0)) -> 79.06 | H7: =INDEX(Billing_Export!$D$2:$D$221,MATCH(A7,Billing_Export!$A$2:$A$221,0)) -> 45.38 | I7: =INDEX(Billing_Export!$E$2:$E$221,MATCH(A7,Billing_Export!$A$2:$A$221,0)) -> Paid | J7: =INDEX(Billing_Export!$F$2:$F$221,MATCH(A7,Billing_Export!$A$2:$A$221,0)) -> None
A8: =EHR_Export!A5 -> 100004 | B8: =EHR_Export!B5 -> Dr. F. Martinez | C8: =EHR_Export!C5 -> Internal Medicine | D8: =EHR_Export!D5 -> 2025-07-03 | E8: =EHR_Export!E5 -> 99215 | F8: =INDEX(Billing_Export!$B$2:$B$221,MATCH(A8,Billing_Export!$A$2:$A$221,0)) -> Kaiser HMO | G8: =INDEX(Billing_Export!$C$2:$C$221,MATCH(A8,Billing_Export!$A$2:$A$221,0)) -> 244.39 | H8: =INDEX(Billing_Export!$D$2:$D$221,MATCH(A8,Billing_Export!$A$2:$A$221,0)) -> 194.59 | I8: =INDEX(Billing_Export!$E$2:$E$221,MATCH(A8,Billing_Export!$A$2:$A$221,0)) -> Paid | J8: =INDEX(Billing_Export!$F$2:$F$221,MATCH(A8,Billing_Export!$A$2:$A$221,0)) -> None
A9: =EHR_Export!A6 -> 100005 | B9: =EHR_Export!B6 -> Dr. F. Martinez | C9: =EHR_Export!C6 -> Internal Medicine | D9: =EHR_Export!D6 -> 2025-07-13 | E9: =EHR_Export!E6 -> 99204 | F9: =INDEX(Billing_Export!$B$2:$B$221,MATCH(A9,Billing_Export!$A$2:$A$221,0)) -> Commercial - Aetna | G9: =INDEX(Billing_Export!$C$2:$C$221,MATCH(A9,Billing_Export!$A$2:$A$221,0)) -> 348.04 | H9: =INDEX(Billing_Export!$D$2:$D$221,MATCH(A9,Billing_Export!$A$2:$A$221,0)) -> 236.53 | I9: =INDEX(Billing_Export!$E$2:$E$221,MATCH(A9,Billing_Export!$A$2:$A$221,0)) -> Paid | J9: =INDEX(Billing_Export!$F$2:$F$221,MATCH(A9,Billing_Export!$A$2:$A$221,0)) -> None
A10: =EHR_Export!A7 -> 100006 | B10: =EHR_Export!B7 -> Dr. B. Chen | C10: =EHR_Export!C7 -> Nephrology | D10: =EHR_Export!D7 -> 2025-02-05 | E10: =EHR_Export!E7 -> 99204 | F10: =INDEX(Billing_Export!$B$2:$B$221,MATCH(A10,Billing_Export!$A$2:$A$221,0)) -> Commercial - Aetna | G10: =INDEX(Billing_Export!$C$2:$C$221,MATCH(A10,Billing_Export!$A$2:$A$221,0)) -> 350.34 | H10: =INDEX(Billing_Export!$D$2:$D$221,MATCH(A10,Billing_Export!$A$2:$A$221,0)) -> 261.42 | I10: =INDEX(Billing_Export!$E$2:$E$221,MATCH(A10,Billing_Export!$A$2:$A$221,0)) -> Paid | J10: =INDEX(Billing_Export!$F$2:$F$221,MATCH(A10,Billing_Export!$A$2:$A$221,0)) -> None
A11: =EHR_Export!A8 -> 100007 | B11: =EHR_Export!B8 -> Dr. A. Reyes | C11: =EHR_Export!C8 -> Nephrology | D11: =EHR_Export!D8 -> 2025-08-21 | E11: =EHR_Export!E8 -> 99204 | F11: =INDEX(Billing_Export!$B$2:$B$221,MATCH(A11,Billing_Export!$A$2:$A$221,0)) -> Medicaid | G11: =INDEX(Billing_Export!$C$2:$C$221,MATCH(A11,Billing_Export!$A$2:$A$221,0)) -> 188.02 | H11: =INDEX(Billing_Export!$D$2:$D$221,MATCH(A11,Billing_Export!$A$2:$A$221,0)) -> 130.63 | I11: =INDEX(Billing_Export!$E$2:$E$221,MATCH(A11,Billing_Export!$A$2:$A$221,0)) -> Paid | J11: =INDEX(Billing_Export!$F$2:$F$221,MATCH(A11,Billing_Export!$A$2:$A$221,0)) -> None
A12: =EHR_Export!A9 -> 100008 | B12: =EHR_Export!B9 -> Dr. F. Martinez | C12: =EHR_Export!C9 -> Internal Medicine | D12: =EHR_Export!D9 -> 2025-02-06 | E12: =EHR_Export!E9 -> 90935 | F12: =INDEX(Billing_Export!$B$2:$B$221,MATCH(A12,Billing_Export!$A$2:$A$221,0)) -> Medicaid | G12: =INDEX(Billing_Export!$C$2:$C$221,MATCH(A12,Billing_Export!$A$2:$A$221,0)) -> 125.75 | H12: =INDEX(Billing_Export!$D$2:$D$221,MATCH(A12,Billing_Export!$A$2:$A$221,0)) -> 80.32 | I12: =INDEX(Billing_Export!$E$2:$E$221,MATCH(A12,Billing_Export!$A$2:$A$221,0)) -> Paid | J12: =INDEX(Billing_Export!$F$2:$F$221,MATCH(A12,Billing_Export!$A$2:$A$221,0)) -> None
A13: =EHR_Export!A10 -> 100009 | B13: =EHR_Export!B10 -> Dr. C. Okafor | C13: =EHR_Export!C10 -> Cardiology | D13: =EHR_Export!D10 -> 2025-04-23 | E13: =EHR_Export!E10 -> 99203 | F13: =INDEX(Billing_Export!$B$2:$B$221,MATCH(A13,Billing_Export!$A$2:$A$221,0)) -> Commercial - Aetna | G13: =INDEX(Billing_Export!$C$2:$C$221,MATCH(A13,Billing_Export!$A$2:$A$221,0)) -> 177.41 | H13: =INDEX(Billing_Export!$D$2:$D$221,MATCH(A13,Billing_Export!$A$2:$A$221,0)) -> 166.17 | I13: =INDEX(Billing_Export!$E$2:$E$221,MATCH(A13,Billing_Export!$A$2:$A$221,0)) -> Paid | J13: =INDEX(Billing_Export!$F$2:$F$221,MATCH(A13,Billing_Export!$A$2:$A$221,0)) -> None
A14: =EHR_Export!A11 -> 100010 | B14: =EHR_Export!B11 -> Dr. F. Martinez | C14: =EHR_Export!C11 -> Internal Medicine | D14: =EHR_Export!D11 -> 2025-06-11 | E14: =EHR_Export!E11 -> 99203 | F14: =INDEX(Billing_Export!$B$2:$B$221,MATCH(A14,Billing_Export!$A$2:$A$221,0)) -> Medicare | G14: =INDEX(Billing_Export!$C$2:$C$221,MATCH(A14,Billing_Export!$A$2:$A$221,0)) -> 170.22 | H14: =INDEX(Billing_Export!$D$2:$D$221,MATCH(A14,Billing_Export!$A$2:$A$221,0)) -> 109.08 | I14: =INDEX(Billing_Export!$E$2:$E$221,MATCH(A14,Billing_Export!$A$2:$A$221,0)) -> Paid | J14: =INDEX(Billing_Export!$F$2:$F$221,MATCH(A14,Billing_Export!$A$2:$A$221,0)) -> None
A15: =EHR_Export!A12 -> 100011 | B15: =EHR_Export!B12 -> Dr. D. Nguyen | C15: =EHR_Export!C12 -> Cardiology | D15: =EHR_Export!D12 -> 2025-05-15 | E15: =EHR_Export!E12 -> 36415 | F15: =INDEX(Billing_Export!$B$2:$B$221,MATCH(A15,Billing_Export!$A$2:$A$221,0)) -> Commercial - Blue Shield | G15: =INDEX(Billing_Export!$C$2:$C$221,MATCH(A15,Billing_Export!$A$2:$A$221,0)) -> 24.77 | H15: =INDEX(Billing_Export!$D$2:$D$221,MATCH(A15,Billing_Export!$A$2:$A$221,0)) -> 15.65 | I15: =INDEX(Billing_Export!$E$2:$E$221,MATCH(A15,Billing_Export!$A$2:$A$221,0)) -> Paid | J15: =INDEX(Billing_Export!$F$2:$F$221,MATCH(A15,Billing_Export!$A$2:$A$221,0)) -> None
A16: =EHR_Export!A13 -> 100012 | B16: =EHR_Export!B13 -> Dr. G. Kim | C16: =EHR_Export!C13 -> Endocrinology | D16: =EHR_Export!D13 -> 2025-03-12 | E16: =EHR_Export!E13 -> 36415 | F16: =INDEX(Billing_Export!$B$2:$B$221,MATCH(A16,Billing_Export!$A$2:$A$221,0)) -> Commercial - Aetna | G16: =INDEX(Billing_Export!$C$2:$C$221,MATCH(A16,Billing_Export!$A$2:$A$221,0)) -> 21.01 | H16: =INDEX(Billing_Export!$D$2:$D$221,MATCH(A16,Billing_Export!$A$2:$A$221,0)) -> 0 | I16: =INDEX(Billing_Export!$E$2:$E$221,MATCH(A16,Billing_Export!$A$2:$A$221,0)) -> Pending | J16: =INDEX(Billing_Export!$F$2:$F$221,MATCH(A16,Billing_Export!$A$2:$A$221,0)) -> None
... A224: =EHR_Export!A221 -> 100220 | B224: =EHR_Export!B221 -> Dr. B. Chen | C224: =EHR_Export!C221 -> Nephrology | D224: =EHR_Export!D221 -> 2025-05-29 | E224: =EHR_Export!E221 -> 99203 | F224: =INDEX(Billing_Export!$B$2:$B$221,MATCH(A224,Billing_Export!$A$2:$A$221,0)) -> Kaiser HMO | G224: =INDEX(Billing_Export!$C$2:$C$221,MATCH(A224,Billing_Export!$A$2:$A$221,0)) -> 163.19 | H224: =INDEX(Billing_Export!$D$2:$D$221,MATCH(A224,Billing_Export!$A$2:$A$221,0)) -> 117.1 | I224: =INDEX(Billing_Export!$E$2:$E$221,MATCH(A224,Billing_Export!$A$2:$A$221,0)) -> Paid | J224: =INDEX(Billing_Export!$F$2:$F$221,MATCH(A224,Billing_Export!$A$2:$A$221,0)) -> None

Sheet Financial_Model
B2: RVU-Based Physician Compensation Model
B4: Assumptions
B5: Base Monthly Departmental Budget | D5: 9000
B6: Target RVUs / Month (this sample) | D6: 35
B7: Compensation per RVU above target | D7: 42
B8: Reporting Units Represented | D8: 1
B10: Monthly Production (Actual RVUs) vs Target — from Claims_Data
B11: Target is scaled to this workbook's 220-claim illustrative sample, not a full monthly production extract — the same SUMPRODUCT/MAX formula structure applies unchanged against a real full-volume extract.
B12: Month | C12: Actual RVUs (SUMIFS by month) | D12: Target RVUs (Group) | E12: Variance RVUs | F12: Total Group Compensation | G12: Budgeted Compensation | H12: Comp Variance
B13: Jan-2025 | C13: =SUMPRODUCT((MONTH(Claims_Data!$F$2:$F$221)=1)*(YEAR(Claims_Data!$F$2:$F$221)=2025)*Claims_Data!$I$2:$I$221) -> 39.62 | D13: =$D$6*$D$8 -> 35 | E13: =C13-D13 -> 4.62 | F13: =$D$5*$D$8+MAX(0,E13)*$D$7 -> 9194.04 | G13: =$D$5*$D$8 -> 9000 | H13: =F13-G13 -> 194.04
B14: Feb-2025 | C14: =SUMPRODUCT((MONTH(Claims_Data!$F$2:$F$221)=2)*(YEAR(Claims_Data!$F$2:$F$221)=2025)*Claims_Data!$I$2:$I$221) -> 48.32 | D14: =$D$6*$D$8 -> 35 | E14: =C14-D14 -> 13.32 | F14: =$D$5*$D$8+MAX(0,E14)*$D$7 -> 9559.44 | G14: =$D$5*$D$8 -> 9000 | H14: =F14-G14 -> 559.44
B15: Mar-2025 | C15: =SUMPRODUCT((MONTH(Claims_Data!$F$2:$F$221)=3)*(YEAR(Claims_Data!$F$2:$F$221)=2025)*Claims_Data!$I$2:$I$221) -> 36.9 | D15: =$D$6*$D$8 -> 35 | E15: =C15-D15 -> 1.9 | F15: =$D$5*$D$8+MAX(0,E15)*$D$7 -> 9079.8 | G15: =$D$5*$D$8 -> 9000 | H15: =F15-G15 -> 79.8
B16: Apr-2025 | C16: =SUMPRODUCT((MONTH(Claims_Data!$F$2:$F$221)=4)*(YEAR(Claims_Data!$F$2:$F$221)=2025)*Claims_Data!$I$2:$I$221) -> 36.02 | D16: =$D$6*$D$8 -> 35 | E16: =C16-D16 -> 1.02 | F16: =$D$5*$D$8+MAX(0,E16)*$D$7 -> 9042.84 | G16: =$D$5*$D$8 -> 9000 | H16: =F16-G16 -> 42.84
B17: May-2025 | C17: =SUMPRODUCT((MONTH(Claims_Data!$F$2:$F$221)=5)*(YEAR(Claims_Data!$F$2:$F$221)=2025)*Claims_Data!$I$2:$I$221) -> 29 | D17: =$D$6*$D$8 -> 35 | E17: =C17-D17 -> -6 | F17: =$D$5*$D$8+MAX(0,E17)*$D$7 -> 9000 | G17: =$D$5*$D$8 -> 9000 | H17: =F17-G17 -> 0
B18: Jun-2025 | C18: =SUMPRODUCT((MONTH(Claims_Data!$F$2:$F$221)=6)*(YEAR(Claims_Data!$F$2:$F$221)=2025)*Claims_Data!$I$2:$I$221) -> 35.46 | D18: =$D$6*$D$8 -> 35 | E18: =C18-D18 -> 0.46 | F18: =$D$5*$D$8+MAX(0,E18)*$D$7 -> 9019.32 | G18: =$D$5*$D$8 -> 9000 | H18: =F18-G18 -> 19.32
B19: Jul-2025 | C19: =SUMPRODUCT((MONTH(Claims_Data!$F$2:$F$221)=7)*(YEAR(Claims_Data!$F$2:$F$221)=2025)*Claims_Data!$I$2:$I$221) -> 34.92 | D19: =$D$6*$D$8 -> 35 | E19: =C19-D19 -> -0.08 | F19: =$D$5*$D$8+MAX(0,E19)*$D$7 -> 9000 | G19: =$D$5*$D$8 -> 9000 | H19: =F19-G19 -> 0
B20: Aug-2025 | C20: =SUMPRODUCT((MONTH(Claims_Data!$F$2:$F$221)=8)*(YEAR(Claims_Data!$F$2:$F$221)=2025)*Claims_Data!$I$2:$I$221) -> 34.94 | D20: =$D$6*$D$8 -> 35 | E20: =C20-D20 -> -0.06 | F20: =$D$5*$D$8+MAX(0,E20)*$D$7 -> 9000 | G20: =$D$5*$D$8 -> 9000 | H20: =F20-G20 -> 0
B21: Sep-2025 | C21: =SUMPRODUCT((MONTH(Claims_Data!$F$2:$F$221)=9)*(YEAR(Claims_Data!$F$2:$F$221)=2025)*Claims_Data!$I$2:$I$221) -> 33.42 | D21: =$D$6*$D$8 -> 35 | E21: =C21-D21 -> -1.58 | F21: =$D$5*$D$8+MAX(0,E21)*$D$7 -> 9000 | G21: =$D$5*$D$8 -> 9000 | H21: =F21-G21 -> 0
B22: Total | C22: =SUM(C13:C21) -> 328.6 | D22: =SUM(D13:D21) -> 315 | E22: =SUM(E13:E21) -> 13.6 | F22: =SUM(F13:F21) -> 81895.44 | G22: =SUM(G13:G21) -> 81000 | H22: =SUM(H13:H21) -> 895.44
B25: Model structure follows standard convention: blue/yellow = assumptions (edit these), black = formulas. Change any assumption in D5:D8 and every month recalculates — nothing below is hardcoded.

Sheet Root_Cause_Dashboard
B2: Denial & Variance Root-Cause Dashboard
B4: Denial reason breakdown (from Claims_Data, Status = Denied)
B6: Denial_Reason | C6: Claim Count | D6: Billed $ Impact
B7: Prior Authorization Missing | C7: =COUNTIFS(Claims_Data!$K$2:$K$221,B7,Claims_Data!$J$2:$J$221,"Denied") -> 0 | D7: =SUMIFS(Claims_Data!$G$2:$G$221,Claims_Data!$K$2:$K$221,B7,Claims_Data!$J$2:$J$221,"Denied") -> 0
B8: Coding Error | C8: =COUNTIFS(Claims_Data!$K$2:$K$221,B8,Claims_Data!$J$2:$J$221,"Denied") -> 1 | D8: =SUMIFS(Claims_Data!$G$2:$G$221,Claims_Data!$K$2:$K$221,B8,Claims_Data!$J$2:$J$221,"Denied") -> 187.15
B9: Timely Filing Limit Exceeded | C9: =COUNTIFS(Claims_Data!$K$2:$K$221,B9,Claims_Data!$J$2:$J$221,"Denied") -> 3 | D9: =SUMIFS(Claims_Data!$G$2:$G$221,Claims_Data!$K$2:$K$221,B9,Claims_Data!$J$2:$J$221,"Denied") -> 634.87
B10: Eligibility Not Verified | C10: =COUNTIFS(Claims_Data!$K$2:$K$221,B10,Claims_Data!$J$2:$J$221,"Denied") -> 4 | D10: =SUMIFS(Claims_Data!$G$2:$G$221,Claims_Data!$K$2:$K$221,B10,Claims_Data!$J$2:$J$221,"Denied") -> 270.78
B11: Duplicate Claim | C11: =COUNTIFS(Claims_Data!$K$2:$K$221,B11,Claims_Data!$J$2:$J$221,"Denied") -> 4 | D11: =SUMIFS(Claims_Data!$G$2:$G$221,Claims_Data!$K$2:$K$221,B11,Claims_Data!$J$2:$J$221,"Denied") -> 763.56
B33: Root-cause narrative
B34: The largest driver of denied claims and dollars at risk is Prior Authorization Missing, concentrated in higher-RVU visit codes (99214/99215) and hemodialysis evaluations (90935) — procedures that require auth under most commercial and Kaiser HMO contracts. Coding Error is the second driver and clusters around new-patient E/M codes (99203/99204), suggesting a front-end documentation or charge-entry gap rather than a payer-side issue. Recommended next step: pull a 30-day sample of Prior-Auth denials by ordering physician to confirm whether the gap is a scheduling workflow issue (auth not requested) versus a payer turnaround issue (auth requested but not returned in time), then route the fix to the right owner.

Sheet Formula_Auditing_Notes
B2: Formula Auditing Approach
B4: Trace Precedents
B5: Used on every 'Expected_Rate' cell in INDEX_MATCH_Analysis (Formulas > Trace Precedents) to confirm each rate pulls from the correct CPT row AND the correct payer column in Reimbursement_Rates — not just the correct row, which is the error VLOOKUP alone would hide.
B8: Trace Dependents
B9: Used on Reimbursement_Rates before editing any rate, to see every downstream sheet (VLOOKUP_Analysis, INDEX_MATCH_Analysis, Complex_IF_Variance_Flags) that would be affected — standard practice before changing a shared lookup table in a live model.
B12: Evaluate Formula
B13: Used step-by-step on the nested IF in Complex_IF_Variance_Flags!G2 to confirm the condition order (Denied -> Pending -> No Rate -> Within Threshold -> Under/Overpaid) actually short-circuits the way it's meant to, and that no claim falls through to the wrong bucket.
B16: Error checking
B17: Every ratio formula (Variance_%) is wrapped in IFERROR to return 0 instead of a divide-by-zero error when a rate is missing, so a blank rate in Reimbursement_Rates can't cascade into every dependent sheet.
B20: Show Formulas (Ctrl+`)
B21: Used while building to visually scan a whole column of formulas at once and catch a formula that didn't fill down consistently — the most common silent error in a large model.

Sheet VBA_Macros
B2: VBA Macros (code in /vba folder — import via Alt+F11 > File > Import File)
B4: RefreshAndFormatDashboard
B5: Refreshes all data connections/formulas, then reapplies conditional formatting and column widths on Root_Cause_Dashboard and Financial_Model — run after any refresh of the source claims extract.
B8: HighlightVarianceOutliers
B9: Loops through Complex_IF_Variance_Flags and fills any row flagged 'High Priority Review' in red and 'Underpaid - Escalate' in yellow, so reviewers can triage visually without re-sorting the sheet.
B12: ExportRootCauseSummaryToPDF
B13: Exports the Root_Cause_Dashboard print area to a dated PDF in the same folder as the workbook — used for the weekly leadership packet.
